{
    "scores": {
        "accuracy": 0.904,
        "precision": 0.903,
        "recall": 0.904,
        "f1-score": 0.903,
        "MSE": 0.096,
        "MAE": 0.096,
        "RMSE": 0.31,
        "MAPE": 217974221964732.0,
        "log-loss": 3.46,
        "R-Squared": 0.616
    },
    "confusion-matrix": {
        "0-0": 2279.0,
        "0-1": 242.0,
        "1-0": 238.0,
        "1-1": 2241.0
    },
    "roc-curve": {
        "fpr": [
            0.0,
            0.09599365331217771,
            1.0
        ],
        "tpr": [
            0.0,
            0.9039935457845906,
            1.0
        ],
        "roc_auc": 0.9039999462362065
    },
    "precision-recall-curve": {},
    "residual-plot": {}
}