{
    "scores": {
        "accuracy": 0.93,
        "precision": 0.932,
        "recall": 0.962,
        "f1-score": 0.947
    },
    "confusion-matrix": {
        "0-0": 88.0,
        "0-1": 13.0,
        "1-0": 7.0,
        "1-1": 177.0
    },
    "roc-curve": {
        "fpr": [
            0.0,
            0.12871287128712872,
            1.0
        ],
        "tpr": [
            0.0,
            0.9619565217391305,
            1.0
        ],
        "roc_auc": 0.9166218252260008
    },
    "precision-recall-curve": {},
    "residual-plot": {}
}