{
    "scores": {
        "accuracy": 0.849,
        "precision": 0.854,
        "recall": 0.838,
        "f1-score": 0.846,
        "MSE": 0.151,
        "MAE": 0.151,
        "RMSE": 0.389,
        "MAPE": 318854853617831.25,
        "log-loss": 5.443,
        "R-Squared": 0.396
    },
    "confusion-matrix": {
        "0-0": 2167.0,
        "0-1": 354.0,
        "1-0": 401.0,
        "1-1": 2078.0
    },
    "roc-curve": {
        "fpr": [
            0.0,
            0.1404204680682269,
            1.0
        ],
        "tpr": [
            0.0,
            0.8382412263009278,
            1.0
        ],
        "roc_auc": 0.8489103791163506
    },
    "precision-recall-curve": {},
    "residual-plot": {}
}