{
    "scores": {
        "accuracy": 0.954,
        "precision": 0.962,
        "recall": 0.967,
        "f1-score": 0.965,
        "MSE": 0.046,
        "MAE": 0.046,
        "RMSE": 0.214,
        "MAPE": 110614727689801.66,
        "log-loss": 1.644,
        "R-Squared": 0.801
    },
    "confusion-matrix": {
        "0-0": 94.0,
        "0-1": 7.0,
        "1-0": 6.0,
        "1-1": 178.0
    },
    "roc-curve": {
        "fpr": [
            0.0,
            0.06930693069306931,
            1.0
        ],
        "tpr": [
            0.0,
            0.967391304347826,
            1.0
        ],
        "roc_auc": 0.9490421868273784
    },
    "precision-recall-curve": {},
    "residual-plot": {}
}