{
    "scores": {
        "accuracy": 0.962,
        "precision": 0.962,
        "recall": 0.965,
        "f1-score": 0.964
    },
    "confusion-matrix": {
        "0-0": 230.0,
        "0-1": 10.0,
        "1-0": 9.0,
        "1-1": 251.0
    },
    "roc-curve": {
        "fpr": [
            0.0,
            0.041666666666666664,
            1.0
        ],
        "tpr": [
            0.0,
            0.9653846153846154,
            1.0
        ],
        "roc_auc": 0.9618589743589744
    }
}